Workbook

Sheet Files
A1: FMB pegs, size M, length 150 mm
A2: Measured from the STL files in this folder by make_index.py. index.csv has the same measurements (rounded) plus units, scale_to_mm, source, changes and license, which are in the Summary notes here.
A4: file | B4: shape | C4: size_bytes | D4: size_MB | E4: stl_format | F4: triangles | G4: x_mm | H4: y_mm | I4: z_mm | J4: volume_cm3 | K4: watertight | L4: sha256
A5: peg_arch_M_150mm.stl | B5: arch | C5: 96684 | D5: =C5/1000000 -> 0.096684 | E5: binary | F5: 1932 | G5: 48 | H5: 28.799995 | I5: 150 | J5: 150.29452 | K5: TRUE | L5: 356414eed62620ed0576f65938d6103c73f98a8f0c58055adee88ee360124bae
A6: peg_circle_M_150mm.stl | B6: circle | C6: 50284 | D6: =C6/1000000 -> 0.050284 | E6: binary | F6: 1004 | G6: 40.319977 | H6: 40.32 | I6: 150 | J6: 191.50369 | K6: TRUE | L6: 73b154b575860f7094ee534145bc112b60533f967a92f8ebb3fa229e2546a55e
A7: peg_double_square_M_150mm.stl | B7: double_square | C7: 102284 | D7: =C7/1000000 -> 0.102284 | E7: binary | F7: 2044 | G7: 53.001892 | H7: 20.385338 | I7: 150 | J7: 142.21271 | K7: TRUE | L7: 0971753d95f52c3600dbe33fbd44a8f834015dd6d349983787b3af02374b0fb8
A8: peg_ellipse_M_150mm.stl | B8: ellipse | C8: 66284 | D8: =C8/1000000 -> 0.066284 | E8: binary | F8: 1324 | G8: 43.19989 | H8: 28.79921 | I8: 150 | J8: 146.56439 | K8: TRUE | L8: fc9e6bbefa53817214ea440a3b8a1cb8bfca0dc51ff69ad9dfc9685abb24f3b8
A9: peg_hexagon_M_150mm.stl | B9: hexagon | C9: 51484 | D9: =C9/1000000 -> 0.051484 | E9: binary | F9: 1028 | G9: 36.580933 | H9: 41.348923 | I9: 150 | J9: 173.43096 | K9: TRUE | L9: 98d141f3666dc5548d7bfab7e383c4a75d7c188fad4bc267ae3599c34bdb4b5f
A10: peg_rectangle_M_150mm.stl | B10: rectangle | C10: 51084 | D10: =C10/1000000 -> 0.051084 | E10: binary | F10: 1020 | G10: 40.320007 | H10: 25.920006 | I10: 150 | J10: 155.69581 | K10: TRUE | L10: f9baf06ae2aa28748dbccc68564021042ef96e2df30e82cd7e5d97b356623874
A11: peg_square_round_M_150mm.stl | B11: square_round | C11: 101684 | D11: =C11/1000000 -> 0.101684 | E11: binary | F11: 2032 | G11: 52.799988 | H11: 19.800011 | I11: 150 | J11: 126.23057 | K11: TRUE | L11: 8f571bf08a1a6c3227cc142fb493cf4b334c3b92146c9d4ed2e5264e37fcf50f
A12: peg_star_M_150mm.stl | B12: star | C12: 102884 | D12: =C12/1000000 -> 0.102884 | E12: binary | F12: 2056 | G12: 43.951752 | H12: 42.082275 | I12: 150 | J12: 134.20156 | K12: TRUE | L12: 095f06b95f64337f83cb12a974f85f51ab0ed4680db3501a33c446907f718e1f
A13: peg_three_prong_M_150mm.stl | B13: three_prong | C13: 304884 | D13: =C13/1000000 -> 0.304884 | E13: binary | F13: 6096 | G13: 52.799988 | H13: 49.263069 | I13: 150 | J13: 151.27625 | K13: TRUE | L13: af83d8e0f5d8269afaa408f4a5ab448f07c9633ffbdc7a8e20ba3eacaf324096
A14: Total | C14: =SUM(C5:C13) -> 927556 | D14: =C14/1000000 -> 0.927556 | F14: =SUM(F5:F13) -> 18536 | J14: =SUM(J5:J13) -> 1371.4105 | K14: (watertight parts)

Sheet Summary
A1: Summary: FMB pegs, size M, length 150 mm
A3: statistic | B3: value | C3: unit
A4: files | B4: =COUNTA(Files!A5:A13) -> 9
A5: watertight files | B5: =COUNTIF(Files!K5:K13,TRUE) -> 9
A6: total size | B6: =SUM(Files!C5:C13) -> 927556 | C6: bytes
A7: total size | B7: =SUM(Files!C5:C13)/1000000 -> 0.927556 | C7: MB (1e6 bytes)
A8: total triangles | B8: =SUM(Files!F5:F13) -> 18536
A9: total volume (watertight parts) | B9: =SUM(Files!J5:J13) -> 1371.4105 | C9: cm3
A10: mean volume (watertight parts) | B10: =AVERAGE(Files!J5:J13) -> 152.37894 | C10: cm3
A11: min volume (watertight parts) | B11: =MIN(Files!J5:J13) -> 126.23057 | C11: cm3
A12: max volume (watertight parts) | B12: =MAX(Files!J5:J13) -> 191.50369 | C12: cm3
A13: largest volume part | B13: =INDEX(Files!A5:A13,MATCH(MAX(Files!J5:J13),Files!J5:J13,0)) -> peg_circle_M_150mm.stl
A14: largest file | B14: =INDEX(Files!A5:A13,MATCH(MAX(Files!C5:C13),Files!C5:C13,0)) -> peg_three_prong_M_150mm.stl
A15: max x (footprint) | B15: =MAX(Files!G5:G13) -> 53.001892 | C15: mm
A16: max y (footprint) | B16: =MAX(Files!H5:H13) -> 49.263069 | C16: mm
A17: min z (height) | B17: =MIN(Files!I5:I13) -> 150 | C17: mm
A18: max z (height) | B18: =MAX(Files!I5:I13) -> 150 | C18: mm
A20: Notes
A21: units | B21: mm (STL coordinates, scale_to_mm = 1); x/y/z = axis-aligned bounding box in the file's own orientation
A22: volume_cm3 | B22: enclosed solid volume of the mesh, blank if not watertight; printed mass also depends on infill and walls
A23: size_MB | B23: size_bytes / 1e6 (decimal MB, not MiB)
A24: sha256 | B24: SHA-256 of the file bytes
A25: source | B25: FMB (Luo et al.), peg.step, listed at https://functional-manipulation-benchmark.github.io/files/
A26: changes | B26: STEP solid tessellated to STL (linear deflection 0.01 relative to edge size, angular 0.05 rad); translated so XY bbox centre = origin and min z = 0; not rotated
A27: license | B27: CC BY 4.0, https://creativecommons.org/licenses/by/4.0/
